{
  "avAcc": 0.9246725640291487,
  "avF1": 0.9155043178739766,
  "avIou": 0.8454167621804549,
  "avPre": 0.9092132970894783,
  "avSen": 0.9232266263648367,
  "avSpe": 0.9255810483587121,
  "vesAcc": 0.9672945205479453,
  "vesF1": 0.7995003473280891,
  "vesIou": 0.6672720425178051,
  "vesPre": 0.754189488095787,
  "vesSen": 0.8600331616288036,
  "vesSpe": 0.9764869008278734
}