{"avSpe": 0.7895255644518224, "vesIou": 0.6848321426151966, "avAcc": 0.7981240245744271, "vesPre": 0.8069378666496396, "avPre": 0.7294016954220132, "avIou": 0.6311295686073765, "avF1": 0.7677464506953038, "vesAcc": 0.9707124710083008, "vesSpe": 0.9835915688554847, "vesSen": 0.8210048619343674, "avSen": 0.8252237070296408, "vesF1": 0.8124993814882231}