{"avIou": 0.6521691452150014, "vesSen": 0.8703398843695073, "vesPre": 0.7597586456983756, "avF1": 0.7846065387656077, "avAcc": 0.8104786050098515, "vesAcc": 0.9720516204833984, "avSpe": 0.8043024282860592, "avSen": 0.8286550331605497, "vesF1": 0.80989276998863, "avPre": 0.7540543312860393, "vesIou": 0.6814849572633592, "vesSpe": 0.9797385502458754}